{
  "labels": [
    "后仰靠背坐",
    "后靠/瘫坐类"
  ],
  "fallback_label": "后靠坐姿",
  "feature_names": [
    "cop_x",
    "cop_y",
    "front_share",
    "back_share",
    "front_back_balance",
    "row_0_3_share",
    "row_4_7_share",
    "row_8_11_share",
    "row_12_15_share",
    "left_share",
    "right_share",
    "left_right_balance",
    "active_area_ratio",
    "peak_share",
    "hhi",
    "bbox_height",
    "bbox_width",
    "largest_region_ratio",
    "region_count_scaled",
    "cop_y_std",
    "total_cv",
    "log_total"
  ],
  "prototypes": {
    "后仰靠背坐": [
      7.124820356175713,
      4.997570063066865,
      0.8556893485868744,
      0.14431065141312524,
      0.711378697173749,
      0.2068159743477061,
      0.6488733742391695,
      0.14420367541475926,
      0.00010697599836585617,
      0.5262375634020032,
      0.47376243659799666,
      0.05247512680400757,
      0.25527481294014087,
      0.05933623698604103,
      0.01878046105687839,
      0.5396493544600939,
      0.9436619718309859,
      0.2340517715669014,
      0.15539906103286052,
      0.0,
      0.0,
      0.8076307991213962
    ],
    "后靠/瘫坐类": [
      6.928451400764795,
      3.407487063319427,
      0.9934032167731692,
      0.006596783226831739,
      0.9868064335463358,
      0.5678231422732365,
      0.42558007449993135,
      0.006596641743059632,
      1.4148377210261377e-07,
      0.5414126088971761,
      0.45858739110282415,
      0.08282521779435108,
      0.2833600427350427,
      0.05811142674103943,
      0.02016106972067396,
      0.4875,
      0.9706196581196581,
      0.28094506766381766,
      0.11014245014244665,
      0.0,
      0.0,
      0.8261338811736265
    ]
  },
  "feature_mean": [
    7.025188232224824,
    4.190806355476018,
    0.925561519349221,
    0.07443848065078204,
    0.851123038698435,
    0.3899809294530289,
    0.5355805898961917,
    0.07438570950153786,
    5.277114924413384e-05,
    0.5339369576905333,
    0.4660630423094665,
    0.06787391538106825,
    0.269524474197745,
    0.05871480247318246,
    0.019480943336427817,
    0.513190228389708,
    0.9573395490026019,
    0.2578441204105233,
    0.13243712055507253,
    0.0,
    0.0,
    0.8170187462164157
  ],
  "feature_scale": [
    0.5014144438966373,
    0.8508058255973252,
    0.07510585432525911,
    0.07510585432525904,
    0.15021170865051814,
    0.19056420772793695,
    0.12420980642539022,
    0.07502091722901492,
    0.00015365088588390358,
    0.04413533032611332,
    0.04413533032611332,
    0.08827066065222673,
    0.0597998145544768,
    0.011840067194950317,
    0.004379320315110948,
    0.06476227087388109,
    0.07011677875182111,
    0.07786062879346271,
    0.05664962859782792,
    1.0,
    1.0,
    0.01936700936601654
  ],
  "distance_thresholds": {
    "后仰靠背坐": 6.00996,
    "后靠/瘫坐类": 3.434683
  }
}